Date, Title,Price (USD),Neighbourhood,City,Building Area (sqm),Land Area (sqm),Bedrooms,Bathrooms
2025-09-06 00:09:26,Marlborough - House,350000,Marlborough,harare west,,4680,3,2
2025-09-06 00:09:26,Maridale - House,60000,Maridale,norton,,200,5,2
2025-09-06 00:09:26,Borrowdale - House,1190000,Borrowdale,harare north,,4001,6,4
2025-09-06 00:09:26,Mabvazuva - House,85000,Mabvazuva,ruwa,,400,4,3
2025-09-06 00:09:26,Pomona - Townhouse Complex,190000,Pomona,harare north,,275,3,2
2025-09-06 00:09:26,Glen Lorne - House,870000,Glen Lorne,harare north,,8200,7,
2025-09-06 00:09:26,Arlington - Townhouse Complex,200000,Arlington,harare south,,647,3,2
2025-09-06 00:09:26,Famona - House,195000,Famona,bulawayo south,,1300,3,1
2025-09-06 00:09:26,Daylesford - House,140000,Daylesford,gweru,,4085,5,2
2025-09-06 00:09:26,Arcadia - House,90000,Arcadia,harare south,,678,4,2
2025-09-06 00:09:26,Borrowdale Brooke - House,1950000,Borrowdale Brooke,harare north,,5063,5,4
2025-09-06 00:09:26,Greendale North - House,380000,Greendale North,harare north,,2700,4,3
2025-09-06 00:09:26,Crowhill Views - House,50000,Crowhill Views,harare north,,1000,3,3
2025-09-06 00:09:26,Arlington - House,290000,Arlington,harare south,,650,4,3
2025-09-06 00:09:26,Greendale - Townhouse Complex,221000,Greendale,harare east,,8000,3,2
2025-09-06 00:09:26,Bloomingdale - Townhouse Complex,115000,Bloomingdale,harare west,,450,4,2
2025-09-06 00:09:26,Carrick Creagh - House,650000,Carrick Creagh,harare north,,2000,5,4
2025-09-06 00:09:26,Mount Pleasant - Townhouse Complex,220000,Mount Pleasant,harare north,,296,3,2
2025-09-06 00:09:26,Mount Pleasant - House,450000,Mount Pleasant,harare north,,4000,4,2
2025-09-06 00:09:26,Fairbridge Park - House,420000,Fairbridge Park,mutare,,6311,6,4
2025-09-06 00:09:26,Hogerty Hill - House,450000,Hogerty Hill,harare north,,9500,3,2
2025-09-06 00:09:26,Glen Lorne - House,520000,Glen Lorne,harare north,,4685,4,4
2025-09-06 00:09:26,Cowdray Park - House,28000,Cowdray Park,bulawayo high density,,200,4,2
2025-09-06 00:09:26,Sunway City - House,85000,Sunway City,harare east,,2100,3,2
2025-09-06 00:09:26,Glen Lorne - Townhouse Complex,460000,Glen Lorne,harare north,,4000,3,3
2025-09-06 00:09:26,Hogerty Hill - House,520000,Hogerty Hill,harare north,,2691,6,6
2025-09-06 00:09:26,Eastlea - House,350000,Eastlea,harare east,,1555,5,3
2025-09-06 00:09:26,Newlands - House,995000,Newlands,harare north,,7783,6,4
2025-09-06 00:09:26,Carrick Creagh - Townhouse Complex,448000,Carrick Creagh,harare north,,600,4,2
2025-09-06 00:09:26,Philadelphia - House,800000,Philadelphia,harare north,,21853,5,2
2025-09-06 00:09:26,Borrowdale - House,550000,Borrowdale,harare north,,5200,4,
2025-09-06 00:09:26,Amby - House,150000,Amby,harare east,,1000,3,1
2025-09-06 00:09:26,Manresa - House,125000,Manresa,harare east,,800,4,2
2025-09-06 00:09:26,Chimanimani - House,60000,Chimanimani,chimanimani,,2879,2,1
2025-09-06 00:09:26,Hillside - House,230000,Hillside,harare south,,3294,3,
2025-09-06 00:09:26,Bluff Hill - Townhouse Complex,165000,Bluff Hill,harare west,,1050,3,2
2025-09-06 00:09:26,Damofalls - House,65000,Damofalls,damofalls,,301,3,3
2025-09-06 00:09:26,Greendale North - House,400000,Greendale North,harare north,,4000,5,3
2025-09-06 00:09:26,Mabvazuva - House,150000,Mabvazuva,ruwa,,400,4,3
2025-09-06 00:09:26,Rockview - House,150000,Rockview,harare east,,1739,6,1
2025-09-06 00:09:26,Famona - House,125000,Famona,bulawayo south,,1821,3,1
2025-09-06 00:09:26,Old Windsor - House,200000,Old Windsor,ruwa,,6000,5,3
2025-09-06 00:09:26,Borrowdale - Townhouse Complex,360000,Borrowdale,harare north,,4505,5,3
2025-09-06 00:09:26,Chitungwiza - House,32000,Chitungwiza,chitungwiza,,300,5,2
2025-09-06 00:09:26,New Marlborough - House,100000,New Marlborough,harare west,,540,3,2
2025-09-06 00:09:26,Hatfield - House,215000,Hatfield,harare south,,4134,5,2
2025-09-06 00:09:26,Zimre Park - House,75000,Zimre Park,harare east,,670,5,2
2025-09-06 00:09:26,Greendale - House,300000,Greendale,harare east,,4000,6,3
2025-09-06 00:09:26,Manyame Park - House,35000,Manyame Park,chitungwiza,,200,3,2
2025-09-06 00:09:26,Mt Pleasant Heights - House,450000,Mt Pleasant Heights,harare west,,2160,7,6
2025-09-06 00:09:26,Belvedere - House,280000,Belvedere,harare west,,1649,3,2
2025-09-06 00:09:26,Pomona - House,590000,Pomona,harare north,,1395,4,1
2025-09-06 00:09:26,Marlborough - House,275000,Marlborough,harare west,,4053,5,3
2025-09-06 00:09:26,Ryelands - Townhouse Complex,365000,Ryelands,harare north,,,4,4
2025-09-06 00:09:26,Nyanga - House,280000,Nyanga,nyanga,,44515,3,2
2025-09-06 00:09:26,Galloway - House,45000,Galloway,norton,,2200,3,
2025-09-06 00:09:26,Aspindale Park - House,100000,Aspindale Park,harare west,,200,4,2
2025-09-06 00:09:26,Hogerty Hill - House,1200000,Hogerty Hill,harare north,,16187,5,
2025-09-06 00:09:26,Tiger's Kloof - House,490000,Tiger's Kloof,mutare,,18617,3,3
2025-09-06 00:09:26,Gunhill - House,475000,Gunhill,harare north,,2774,4,2
2025-09-06 00:09:26,Chiredzi - House,22000,Chiredzi,chiredzi,,340,2,
2025-09-06 00:09:26,Mandara - House,320000,Mandara,harare east,,4047,4,
2025-09-06 00:09:26,Zengeza - House,38000,Zengeza,chitungwiza,,300,3,2
2025-09-06 00:09:26,Borrowdale - Townhouse Complex,650000,Borrowdale,harare north,,4000,7,3
2025-09-06 00:09:26,Avenues - Townhouse Complex,190000,Avenues,harare cbd,,200,3,2
2025-09-06 00:09:26,Greendale - Townhouse Complex,220000,Greendale,harare east,,450,3,2
2025-09-06 00:09:26,Hogerty Hill - House,1200000,Hogerty Hill,harare north,,16187,5,
2025-09-06 00:09:26,Mount Pleasant - House,1500000,Mount Pleasant,harare north,,4051,6,6
2025-09-06 00:09:26,Vainona - House,750000,Vainona,harare north,,5099,3,2
2025-09-06 00:09:26,Glaudina - House,70000,Glaudina,harare west,,300,5,
2025-09-06 00:09:26,Rockview - House,45000,Rockview,harare east,,1000,3,1
2025-09-06 00:09:26,Glen Lorne - House,405000,Glen Lorne,harare north,,2000,3,3
2025-09-06 00:09:26,Dzivarasekwa - House,50000,Dzivarasekwa,harare high density,,300,5,2
2025-09-06 00:09:26,Damofalls - House,50000,Damofalls,damofalls,,300,3,2
2025-09-06 00:09:26,Arlington - House,280000,Arlington,harare south,,500,3,2
2025-09-06 00:09:26,Marlborough - House,250000,Marlborough,harare west,,4400,3,2
2025-09-06 00:09:26,Glaudina - House,55000,Glaudina,harare west,,300,3,2
2025-09-06 00:09:26,Helensvale - House,550000,Helensvale,harare north,,2029,5,5
2025-09-06 00:09:26,Beitbridge - House,220000,Beitbridge,beitbridge,,2508,4,2
2025-09-06 00:09:26,Zimre Park - House,70000,Zimre Park,harare east,,570,3,2
2025-09-06 00:09:26,Fidelity - House,65000,Fidelity,harare south,,240,3,1
2025-09-06 00:09:26,Palmerston - House,110000,Palmerston,mutare,,1395,3,2
2025-09-06 00:09:26,Mount Pleasant - House,360000,Mount Pleasant,harare north,,2000,3,1
2025-09-06 00:09:26,Greendale - House,390000,Greendale,harare east,,390000,4,3
2025-09-06 00:09:26,The Grange - House,350000,The Grange,harare north,,2280,5,3
2025-09-06 00:09:26,Greendale - House,305000,Greendale,harare east,,4000,3,2
2025-09-06 00:09:26,Ruwa - House,42000,Ruwa,ruwa,,230,4,2
2025-09-06 00:09:26,Hatfield - Townhouse Complex,152250,Hatfield,harare south,,400,3,2
2025-09-06 00:09:26,Zimre Park - House,60000,Zimre Park,harare east,,600,3,1
2025-09-06 00:09:26,Parklands - House,90000,Parklands,bulawayo east,,,3,
2025-09-06 00:09:26,Dzivarasekwa - House,37000,Dzivarasekwa,harare high density,,360,3,2
2025-09-06 00:09:26,Fortunes Gate - House,1950000,Fortunes Gate,bulawayo east,,137800,3,2
2025-09-06 00:09:26,Mabvazuva - House,48000,Mabvazuva,ruwa,,400,4,3
2025-09-06 00:09:26,Greendale - Townhouse Complex,210000,Greendale,harare east,,4047,3,2
2025-09-06 00:09:26,Helensvale - House,1450000,Helensvale,harare north,,12000,6,10
2025-09-06 00:09:26,Marlborough - Townhouse Complex,220000,Marlborough,harare west,,400,4,4
2025-09-06 00:09:26,Hogerty Hill - House,520000,Hogerty Hill,harare north,,2691,6,6
2025-09-06 00:09:26,"Vainona - House, Townhouse Complex",250000,Vainona,harare north,,500,4,
2025-09-06 00:09:26,Glen Lorne - House,600000,Glen Lorne,harare north,,4056,5,3
2025-09-06 00:09:26,Borrowdale - House,950000,Borrowdale,harare north,,4335,5,3
2025-09-06 00:09:26,Fidelity - House,65000,Fidelity,harare south,,240,3,1
2025-09-06 00:09:26,Palmerston - House,110000,Palmerston,mutare,,1395,3,2
2025-09-06 00:09:26,Mount Pleasant - House,360000,Mount Pleasant,harare north,,2000,3,1
2025-09-06 00:09:26,Greendale - House,390000,Greendale,harare east,,390000,4,3
2025-09-06 00:09:26,The Grange - House,350000,The Grange,harare north,,2280,5,3
2025-09-06 00:09:26,Greendale - House,305000,Greendale,harare east,,4000,3,2
2025-09-06 00:09:26,Ruwa - House,42000,Ruwa,ruwa,,230,4,2
2025-09-06 00:09:26,Hatfield - Townhouse Complex,152250,Hatfield,harare south,,400,3,2
2025-09-06 00:09:26,Zimre Park - House,60000,Zimre Park,harare east,,600,3,1
2025-09-06 00:09:26,Parklands - House,90000,Parklands,bulawayo east,,,3,
2025-09-06 00:09:26,Dzivarasekwa - House,37000,Dzivarasekwa,harare high density,,360,3,2
2025-09-06 00:09:26,Fortunes Gate - House,1950000,Fortunes Gate,bulawayo east,,137800,3,2
2025-09-06 00:09:26,Mabvazuva - House,48000,Mabvazuva,ruwa,,400,4,3
2025-09-06 00:09:26,Greendale - Townhouse Complex,210000,Greendale,harare east,,4047,3,2
2025-09-06 00:09:26,Helensvale - House,1450000,Helensvale,harare north,,12000,6,10
2025-09-06 00:09:26,Marlborough - Townhouse Complex,220000,Marlborough,harare west,,400,4,4
2025-09-06 00:09:26,Hogerty Hill - House,520000,Hogerty Hill,harare north,,2691,6,6
2025-09-06 00:09:26,"Vainona - House, Townhouse Complex",250000,Vainona,harare north,,500,4,
2025-09-06 00:09:26,Glen Lorne - House,600000,Glen Lorne,harare north,,4056,5,3
2025-09-06 00:09:26,Borrowdale - House,950000,Borrowdale,harare north,,4335,5,3
2025-09-06 00:09:26,Greendale - Townhouse Complex,220000,Greendale,harare east,,450,3,2
2025-09-06 00:09:26,Carrick Creagh - Townhouse Complex,250000,Carrick Creagh,harare north,,600,4,3
2025-09-06 00:09:26,Chitungwiza - House,32000,Chitungwiza,chitungwiza,,300,4,
2025-09-06 00:09:26,Glen View - House,37000,Glen View,harare high density,,289,4,1
2025-09-06 00:09:26,Chisipite - Townhouse Complex,400000,Chisipite,harare north,,266380000,4,3
2025-09-06 00:09:26,Mandara - House,320000,Mandara,harare east,,4278,3,2
2025-09-06 00:09:26,Selbourne Park - House,180000,Selbourne Park,bulawayo east,,2500,9,6
2025-09-06 00:09:26,Zimre Park - House,110000,Zimre Park,harare east,,540,3,2
2025-09-06 00:09:26,Mainway Meadows - House,90000,Mainway Meadows,harare south,,450,3,2
2025-09-06 00:09:26,Tynwald - House,105000,Tynwald,harare west,,470,3,2
2025-09-06 00:09:26,Montrose - House,100000,Montrose,bulawayo south,,1125,3,1
2025-09-06 00:09:26,Vainona - Townhouse Complex,450000,Vainona,harare north,,500,4,4
2025-09-06 00:09:26,Hatfield - House,160000,Hatfield,harare south,,1851,3,3
2025-09-06 00:09:26,Marlborough - Townhouse Complex,130000,Marlborough,harare west,,300,3,3
2025-09-06 00:09:26,Kensington - House,140000,Kensington,bulawayo east,,26600,3,2
2025-09-06 00:09:26,Zimre Park - House,82000,Zimre Park,harare east,,500,3,2
2025-09-06 00:09:26,Haydon Park - House,90000,Haydon Park,harare west,,800,2,2
2025-09-06 00:09:26,Borrowdale Brooke - House,1980000,Borrowdale Brooke,harare north,,4046,5,3
2025-09-06 00:09:26,Tynwald - House,95000,Tynwald,harare west,,705,3,1
2025-09-06 00:09:26,Kumalo - House,220000,Kumalo,bulawayo east,,2344,3,
2025-09-06 00:09:26,Arlington - Townhouse Complex,155000,Arlington,harare south,,430,3,2
2025-09-06 00:09:26,Hillside - Townhouse Complex,315000,Hillside,bulawayo south,,4143,6,4
2025-09-06 00:09:26,Ilanda - House,175000,Ilanda,bulawayo east,,1856,3,2
2025-09-06 00:09:26,Hillside - House,240000,Hillside,bulawayo south,,1,4,3
2025-09-06 00:09:26,Glen Lorne - House,540000,Glen Lorne,harare north,,4685,4,
2025-09-06 00:09:26,Waterfalls - Townhouse Complex,95000,Waterfalls,harare south,,300,3,2
2025-09-06 00:09:26,Arlington - House,175000,Arlington,harare south,,500,3,2
2025-09-06 00:09:26,Mainway Meadows - House,120000,Mainway Meadows,harare south,,550,3,2
2025-09-06 00:09:26,Mabelreign - House,145000,Mabelreign,harare west,,1805,4,
2025-09-06 00:09:26,Emerald Hill - Townhouse Complex,260000,Emerald Hill,harare west,,700,3,2
2025-09-06 00:09:26,Greendale North - House,380000,Greendale North,harare north,,2700,4,3
2025-09-06 00:09:26,Haydon Park - Townhouse Complex,140000,Haydon Park,harare west,,1291,4,2
2025-09-06 00:09:26,Mount Pleasant - House,360000,Mount Pleasant,harare north,,2000,3,1
2025-09-06 00:09:26,Houghton Park - House,105000,Houghton Park,harare south,,690,4,2
2025-09-06 00:09:26,Matsheumhlope - House,525000,Matsheumhlope,bulawayo east,,12342,3,3
2025-09-06 00:09:26,Goodhope - House,210000,Goodhope,harare west,,2000,5,3
2025-09-06 00:09:26,Greendale - Townhouse Complex,220000,Greendale,harare east,,8000,3,2
2025-09-06 00:09:26,Ashdown Park - House,150000,Ashdown Park,harare west,,600,5,3
2025-09-06 00:09:26,Chirundu - House,120000,Chirundu,chirundu,,3222,4,2
2025-09-06 00:09:26,Cold Comfort - House,79000,Cold Comfort,harare west,,400,4,3
2025-09-06 00:09:26,Rockview - House,65000,Rockview,harare east,,1000,4,2
2025-09-06 00:09:26,Hatfield - House,220000,Hatfield,harare south,,4048,3,3
2025-09-06 00:09:26,Glen Lorne - House,550000,Glen Lorne,harare north,,4685,4,4
2025-09-06 00:09:26,Rhodesville - Townhouse Complex,240000,Rhodesville,harare east,,165,2,2
2025-09-06 00:09:26,Pomona - Townhouse Complex,230000,Pomona,harare north,,250,3,2
2025-09-06 00:09:26,Colne Valley - Townhouse Complex,350000,Colne Valley,harare north,,6000,3,2
2025-09-06 00:09:26,Christon Bank - House,490000,Christon Bank,christon bank,,16500,4,3
2025-09-06 00:09:26,Suburbs - House,280000,Suburbs,bulawayo east,,2000,3,2
2025-09-06 00:09:26,Hogerty Hill - House,150000,Hogerty Hill,harare north,,2300,6,2
2025-09-06 00:09:26,Glen Lorne - House,1350000,Glen Lorne,harare north,,16187,4,3
2025-09-06 00:09:26,Westgate - House,210000,Westgate,harare west,,820,3,3
2025-09-06 00:09:26,Chisipite - House,540000,Chisipite,harare north,,4047,4,3
2025-09-06 00:09:26,Eastlea - House,340000,Eastlea,harare east,,1555,5,2
2025-09-06 00:09:26,Groom Bridge - Townhouse Complex,370000,Groom Bridge,harare north,,,3,3
2025-09-06 00:09:26,Groom Bridge - Townhouse Complex,370000,Groom Bridge,harare north,,679,3,3
2025-09-06 00:09:26,Colne Valley - House,660000,Colne Valley,harare north,,4277,8,5
2025-09-06 00:09:26,Colne Valley - House,660000,Colne Valley,harare north,,4277,6,4
2025-09-06 00:09:26,Borrowdale - House,850000,Borrowdale,harare north,,4200,5,5
2025-09-06 00:09:26,Greendale - House,300000,Greendale,harare east,,4048,3,2
2025-09-06 00:09:26,Chinhoyi - House,115000,Chinhoyi,chinhoyi,,2800,3,2
2025-09-06 00:09:26,Glen Lorne - House,550000,Glen Lorne,harare north,,7033,4,3
2025-09-06 00:09:26,Northend - Townhouse Complex,105000,Northend,bulawayo north,,,3,2
2025-09-06 00:09:26,Mount Pleasant - House,390000,Mount Pleasant,harare north,,4065,4,2
2025-09-06 00:09:26,Helensvale - House,395000,Helensvale,harare north,,2548,4,3
2025-09-06 00:09:26,Greendale North - House,350000,Greendale North,harare north,,4047,5,3
2025-09-06 00:09:26,Strathaven - House,240000,Strathaven,harare west,,2000,2,2
2025-09-06 00:09:26,Katanga - House,245000,Katanga,norton,,2048,6,3
2025-09-06 00:09:26,Mount Pleasant - House,450000,Mount Pleasant,harare north,,4057,4,2
2025-09-06 00:09:26,Hatfield - House,650000,Hatfield,harare south,,20000,12,12
2025-09-06 00:09:26,Groom Bridge - Townhouse Complex,230000,Groom Bridge,harare north,,500,3,2
2025-09-06 00:09:26,Monavale - House,430000,Monavale,harare west,,3900,5,3
2025-09-06 00:09:26,Emganwini - House,49600,Emganwini,bulawayo high density,,300,4,2
2025-09-06 00:09:26,Famona - House,125000,Famona,bulawayo south,,1821,3,1
2025-09-06 00:09:26,Zimre Park - House,50000,Zimre Park,harare east,,400,3,2
2025-09-06 00:09:26,Greendale - Townhouse Complex,230000,Greendale,harare east,,300,3,2
2025-09-06 00:09:26,Colne Valley - House,560000,Colne Valley,harare north,,4647,5,3
2025-09-06 00:09:26,Vainona - Townhouse Complex,250000,Vainona,harare north,,500,3,2
2025-09-06 00:09:26,Lake Chivero - House,185000,Lake Chivero,lake chivero,,500,3,2
2025-09-06 00:09:26,Suburbs - House,164000,Suburbs,bulawayo east,,1388,3,
2025-09-06 00:09:26,Fairview - House,120000,Fairview,harare west,,1000,4,2
2025-09-06 00:09:26,Helensvale - House,395000,Helensvale,harare north,,2548,4,3
2025-09-06 00:09:26,Vainona - Townhouse Complex,580000,Vainona,harare north,,800,5,5
2025-09-06 00:09:26,Mount Pleasant - Townhouse Complex,295000,Mount Pleasant,harare north,,4567,4,3
2025-09-06 00:09:26,Glen Lorne - House,750000,Glen Lorne,harare north,,7369,4,3
2025-09-06 00:09:26,Norton - House,48000,Norton,norton,,300,3,2
2025-09-06 00:09:26,Pomona - Townhouse Complex,580000,Pomona,harare north,,800,5,5
2025-09-06 00:09:26,Borrowdale - House,525000,Borrowdale,harare north,,4055,4,2
2025-09-06 00:09:26,Chivhu - House,23000,Chivhu,chivhu,,200,3,1
2025-09-06 00:09:26,Highlands - Townhouse Complex,348000,Highlands,harare north,,400,4,3
2025-09-06 00:09:26,Arcadia - House,95000,Arcadia,harare south,,714,3,1
2025-09-06 00:09:26,Hogerty Hill - House,90000,Hogerty Hill,harare north,,1500,4,4
2025-09-06 00:09:26,Marondera - House,110000,Marondera,marondera,,2522,4,2
2025-09-06 00:09:26,Chisipite - House,560000,Chisipite,harare north,,4647,5,3
2025-09-06 00:09:26,Madokero - House,130000,Madokero,harare west,,400,4,
2025-09-06 00:09:26,Harrisvale - House,49000,Harrisvale,bulawayo north,,900,3,2
2025-09-06 00:09:26,Nyanga - House,500000,Nyanga,nyanga,,423291,2,2
2025-09-06 00:09:26,Glen View - House,58000,Glen View,harare high density,,300,3,
2025-09-06 00:09:26,Norton - House,20000,Norton,norton,,240,2,
2025-09-06 00:09:26,Gletwin Park - House,500000,Gletwin Park,harare north,,3629,7,
2025-09-06 00:09:26,Greendale - House,230000,Greendale,harare east,,1400,5,
2025-09-06 00:09:26,Helensvale - Cottage,650000,Helensvale,harare north,,5347,6,4
2025-09-06 00:09:26,Philadelphia - Townhouse Complex,935000,Philadelphia,harare north,,15300,4,4
2025-09-06 00:09:26,Ilanda - House,149000,Ilanda,bulawayo east,,1300,3,1
2025-09-06 00:09:26,Mandara - House,290000,Mandara,harare east,,4010,4,2
2025-09-06 00:09:26,Mabvazuva - House,90000,Mabvazuva,ruwa,,400,3,
2025-09-06 00:09:26,Mandara - House,550000,Mandara,harare east,,1,6,4
2025-09-06 00:09:26,Msasa Park - House,63000,Msasa Park,harare south,,466,3,1
2025-09-06 00:09:26,Pomona - House,800000,Pomona,harare north,,4674,7,6
2025-09-06 00:09:26,Victoria Falls - House,300000,Victoria Falls,victoria falls,,626,6,6
2025-09-06 00:09:26,Helensvale - Townhouse Complex,350000,Helensvale,harare north,,1800,3,2
2025-09-06 00:09:26,Chitungwiza - House,35000,Chitungwiza,chitungwiza,,300,4,
2025-09-06 00:09:26,Athlone - House,250000,Athlone,harare east,,4896,5,1
2025-09-06 00:09:26,Pomona - Townhouse Complex,395000,Pomona,harare north,,1038,3,3
2025-09-06 00:09:26,Goromonzi - House,35000,Goromonzi,goromonzi,,300,3,
2025-09-06 00:09:26,Carrick Creagh - House,260000,Carrick Creagh,harare north,,2000,4,
2025-09-06 00:09:26,Newton - House,200000,Newton,bulawayo south,,9136,3,1
2025-09-06 00:09:26,Budiriro - House,43000,Budiriro,harare high density,,375,4,
2025-09-06 00:09:26,Kensington - House,80000,Kensington,bulawayo east,,12140,3,2
2025-09-06 00:09:26,Suburbs - House,250000,Suburbs,bulawayo east,,1455,3,2
2025-09-06 00:09:26,Mutare CBD - House,220000,Mutare CBD,mutare,,8640,6,2
2025-09-06 00:09:26,Kensington - Townhouse Complex,340000,Kensington,harare west,,240,3,2
2025-09-06 00:09:26,Glen Lorne - House,850000,Glen Lorne,harare north,,11000,4,3
2025-09-06 00:09:26,Mt Pleasant Heights - House,165000,Mt Pleasant Heights,harare west,,2100,3,2
2025-09-06 00:09:26,Brookview - House,400000,Brookview,harare north,,2000,5,3
2025-09-06 00:09:26,Belvedere - House,190000,Belvedere,harare west,,1300,3,2
2025-09-06 00:09:26,Waterfalls - House,100000,Waterfalls,harare south,,450,3,2
2025-09-06 00:09:26,Belgravia - House,780000,Belgravia,harare north,,3905,4,2
2025-09-06 00:09:26,St. Marys - House,30000,St. Marys,chitungwiza,,400,9,1
2025-09-06 00:09:26,Norton - House,140000,Norton,norton,,2112,3,2
2025-09-06 00:09:26,Pelandaba - House,25000,Pelandaba,bulawayo high density,,300,8,1
2025-09-06 00:09:26,Haig Park - House,150000,Haig Park,harare west,,1071,3,
2025-09-06 00:09:26,Monavale - Townhouse Complex,210000,Monavale,harare west,,450,4,3
2025-09-06 00:09:26,Helensvale - House,380000,Helensvale,harare north,,2800,3,
2025-09-06 00:09:26,Greendale - House,250000,Greendale,harare east,,4896,4,2
2025-09-06 00:09:26,Glaudina - House,85000,Glaudina,harare west,,550,3,2
2025-09-06 00:09:26,Kadoma - House,75000,Kadoma,kadoma,,2400,3,2
2025-09-06 00:09:26,Fairbridge Park - House,420000,Fairbridge Park,mutare,,6311,6,4
2025-09-06 00:09:26,Fairview - House,90000,Fairview,ruwa,,260,3,2
2025-09-06 00:09:26,Marondera - House,17000,Marondera,marondera,,281,4,1
2025-09-06 00:09:26,Norton - House,130000,Norton,norton,,3140,4,2
2025-09-06 00:09:26,Chitungwiza - House,20000,Chitungwiza,chitungwiza,,200,4,2
2025-09-06 00:09:26,Tynwald - House,120000,Tynwald,harare west,,400,4,
2025-09-06 00:09:26,Zimre Park - House,110000,Zimre Park,harare east,,1000,5,2
2025-09-06 00:09:26,Crowhill Views - House,120000,Crowhill Views,harare north,,1250,5,3
2025-09-06 00:09:26,Granary Park - House,35000,Granary Park,harare high density,,300,5,2
2025-09-06 00:09:26,Zimre Park - House,90000,Zimre Park,harare east,,1500,4,2
2025-09-06 00:09:26,Chimanimani - House,18000,Chimanimani,chimanimani,,300,2,
2025-09-06 00:09:26,Tynwald - House,100000,Tynwald,harare west,,566,4,2
2025-09-06 00:09:26,Romney Park - House,60000,Romney Park,bulawayo north,,1,4,3
2025-09-06 00:09:26,Chisipite - House,540000,Chisipite,harare north,,4000,3,2
2025-09-06 00:09:26,New Marlborough - Cottage,115000,New Marlborough,harare west,,504,3,2
2025-09-06 00:09:26,Chiredzi - House,120000,Chiredzi,chiredzi,,4600,4,2
2025-09-06 00:09:26,Monavale - House,300000,Monavale,harare west,,4020,5,3
2025-09-06 00:09:26,Mt Pleasant Heights - House,320000,Mt Pleasant Heights,harare west,,1900,5,2
2025-09-06 00:09:26,Mount Pleasant - House,450000,Mount Pleasant,harare north,,4057,4,2
2025-09-06 00:09:26,Pomona - House,380000,Pomona,harare north,,2558,5,5
2025-09-06 00:09:26,Riverside South - House,250000,Riverside South,bulawayo east,,,6,5
2025-09-06 00:09:26,Greendale - House,330000,Greendale,harare east,,3711,4,
2025-09-06 00:09:26,Hatfield - House,120000,Hatfield,harare south,,4000,3,1
2025-09-06 00:09:26,Mount Pleasant - Townhouse Complex,220000,Mount Pleasant,harare north,,296,3,2
2025-09-06 00:09:26,Avenues - House,410000,Avenues,harare cbd,,400,4,
2025-09-06 00:09:26,Mandara - House,350000,Mandara,harare east,,4200,5,3
2025-09-06 00:09:26,Greendale North - Townhouse Complex,320000,Greendale North,harare north,,,3,2
2025-09-06 00:09:26,Avenues - Townhouse Complex,550000,Avenues,harare cbd,,890,4,2
2025-09-06 00:09:26,Chitungwiza - House,26000,Chitungwiza,chitungwiza,,240,4,1
2025-09-06 00:09:26,Glen View - House,40000,Glen View,harare high density,,200,3,1
2025-09-06 00:09:26,Bulawayo City Centre - House,220000,Bulawayo City Centre,bulawayo cbd industrial,,1200,5,5
2025-09-06 00:09:26,Old Windsor - House,200000,Old Windsor,ruwa,,3500,5,2
2025-09-06 00:09:26,Darlington - Townhouse Complex,160000,Darlington,mutare,,1834,3,1
2025-09-06 00:09:26,Greendale - House,330000,Greendale,harare east,,300,3,1
2025-09-06 00:09:26,Sandton Park - House,150000,Sandton Park,harare west,,1250,5,4
2025-09-06 00:09:26,Mabelreign - House,140000,Mabelreign,harare west,,1425,3,1
2025-09-06 00:09:26,Pomona - Townhouse Complex,230000,Pomona,harare north,,250,3,2
2025-09-06 00:09:26,Arlington - House,210000,Arlington,harare south,,647,3,2
2025-09-06 00:09:26,Highlands - Townhouse Complex,450000,Highlands,harare north,,500,4,5
2025-09-06 00:09:26,Hatfield - House,55000,Hatfield,harare south,,1000,3,
2025-09-06 00:09:26,Monavale - House,105000,Monavale,harare west,,1293,5,
2025-09-06 00:09:26,Hogerty Hill - House,220000,Hogerty Hill,harare north,,2100,5,8
2025-09-06 00:09:26,Manningdale - House,55000,Manningdale,bulawayo east,,1,3,
2025-09-06 00:09:26,Springvale - House,60000,Springvale,ruwa,,390,3,2
2025-09-06 00:09:26,Newlands - Townhouse Complex,380000,Newlands,harare north,,550,3,3
2025-09-06 00:09:26,Waterfalls - House,25000,Waterfalls,harare south,,1000,4,2
2025-09-06 00:09:26,Glaudina - House,55000,Glaudina,harare west,,200,3,2
2025-09-06 00:09:26,Karoi - House,35000,Karoi,karoi,,,,
2025-09-06 00:09:26,Warren Park - House,57000,Warren Park,harare high density,,240,4,1
2025-09-06 00:09:26,Old Windsor - House,150000,Old Windsor,ruwa,,2500,5,3
2025-09-06 00:09:26,"Vainona - House, Townhouse Complex",250000,Vainona,harare north,,6000,3,
2025-09-06 00:09:26,Philadelphia - House,800000,Philadelphia,harare north,,21853,5,2
2025-09-06 00:09:26,Suburbs - House,280000,Suburbs,bulawayo east,,2000,3,2
2025-09-06 00:09:26,Old Windsor - House,200000,Old Windsor,ruwa,,6000,5,3
2025-09-06 00:09:26,Manyame Park - House,35000,Manyame Park,chitungwiza,,200,3,2
2025-09-06 00:09:26,Tynwald - House,80000,Tynwald,harare west,,705,4,1
2025-09-06 00:09:26,Four Winds - House,165000,Four Winds,bulawayo south,,4046,4,2
2025-09-06 00:09:26,Brookview - House,800000,Brookview,harare north,,464,7,4
2025-09-06 00:09:26,Helensvale - House,2650000,Helensvale,harare north,,53000,5,6
2025-09-06 00:09:26,Southlea Park - House,38000,Southlea Park,harare south,,200,4,
2025-09-06 00:09:26,Entumbane - House,26500,Entumbane,bulawayo north,,300,5,1
2025-09-06 00:09:26,Charlotte Brooke - House,100000,Charlotte Brooke,harare north,,1900,4,4
2025-09-06 00:09:26,Vainona - House,850000,Vainona,harare north,,4070,3,
2025-09-06 00:09:26,Belgravia - House,880000,Belgravia,harare north,,3220,4,3
2025-09-06 00:09:27,Old Windsor - House,200000,Old Windsor,ruwa,,3500,5,2
2025-09-06 00:09:27,Arlington - House,220000,Arlington,harare south,,,6,
2025-09-06 00:09:27,Marlborough - Townhouse Complex,200000,Marlborough,harare west,,350,4,2
2025-09-06 00:09:27,Belgravia - House,880000,Belgravia,harare north,,3220,4,3
2025-09-06 00:09:27,Four Winds - House,120000,Four Winds,bulawayo south,,4962,3,2
2025-09-06 00:09:27,Arlington - House,425000,Arlington,harare south,,2012,6,5
2025-09-06 00:09:27,Hillcrest - House,125000,Hillcrest,bulawayo south,,1626,3,1
2025-09-06 00:09:27,Rydale Ridge - House,70000,Rydale Ridge,harare high density,,437,5,4
2025-09-06 00:09:27,Chiredzi - House,120000,Chiredzi,chiredzi,,4600,6,1
2025-09-06 00:09:27,Chisipite - House,480000,Chisipite,harare north,,1000,3,2
2025-09-06 00:09:27,Hogerty Hill - House,650000,Hogerty Hill,harare north,,14000,5,3
2025-09-06 00:09:27,Carrick Creagh - House,3000000,Carrick Creagh,harare north,,4200,7,8
2025-09-06 00:09:27,Athlone - House,250000,Athlone,harare east,,4896,5,1
2025-09-06 00:09:27,Nguboyenja - House,30000,Nguboyenja,bulawayo high density,,1,9,2
2025-09-06 00:09:27,Highlands - Townhouse Complex,350000,Highlands,harare north,,500,5,5
2025-09-06 00:09:27,Helensvale - House,380000,Helensvale,harare north,,2800,3,
2025-09-06 00:09:27,Mount Pleasant - House,1500000,Mount Pleasant,harare north,,4051,6,6
2025-09-06 00:09:27,Hogerty Hill - House,295000,Hogerty Hill,harare north,,700,3,2
2025-09-06 00:09:27,Arlington - Townhouse Complex,210000,Arlington,harare south,,647,4,2
2025-09-06 00:09:27,Borrowdale - Townhouse Complex,950000,Borrowdale,harare north,,7000,6,9
2025-09-06 00:09:27,Northwood - Townhouse Complex,345000,Northwood,harare north,,215,4,3
2025-09-06 00:09:27,Haig Park - House,149000,Haig Park,harare west,,1071,3,1
2025-09-06 00:09:27,Pomona - Townhouse Complex,230000,Pomona,harare north,,278,3,2
2025-09-06 00:09:27,Marlborough - Townhouse Complex,80000,Marlborough,harare west,,2000,2,1
2025-09-06 00:09:27,Kariba - House,350000,Kariba,kariba,,854,4,
2025-09-06 00:09:27,Chisipite - House,550000,Chisipite,harare north,,4047,4,3
2025-09-06 00:09:27,Highlands - Townhouse Complex,348000,Highlands,harare north,,400,4,3
2025-09-06 00:09:27,Glen Lorne - House,710000,Glen Lorne,harare north,,4263,5,
2025-09-06 00:09:27,Borrowdale Brooke - House,1950000,Borrowdale Brooke,harare north,,5063,5,4
2025-09-06 00:09:27,Helensvale - House,550000,Helensvale,harare north,,6000,4,4
2025-09-06 00:09:27,Marlborough - Townhouse Complex,270000,Marlborough,harare west,,9347,4,4
2025-09-06 00:09:27,Zimre Park - House,150000,Zimre Park,harare east,,1000,5,3
2025-09-06 00:09:27,Hatcliffe - House,55000,Hatcliffe,harare high density,,600,4,2
2025-09-06 00:09:27,Kariba - House,130000,Kariba,kariba,,1500,3,3
2025-09-06 00:09:27,Hatfield - Townhouse Complex,135000,Hatfield,harare south,,400,3,3
2025-09-06 00:09:27,Vainona - Townhouse Complex,300000,Vainona,harare north,,,5,3
2025-09-06 00:09:27,Helensvale - House,1400000,Helensvale,harare north,,12000,6,10
2025-09-06 00:09:27,Avenues - House,320000,Avenues,mutare,,2059,3,2
2025-09-06 00:09:27,Glen View - House,40000,Glen View,harare high density,,200,4,1
2025-09-06 00:09:27,Mabvazuva - House,130000,Mabvazuva,ruwa,,400,4,2
2025-09-06 00:09:27,Glen Lorne - House,650000,Glen Lorne,harare north,,6330,6,
2025-09-06 00:09:27,Chisipite - House,1400000,Chisipite,harare north,,16800,4,2
2025-09-06 00:09:27,Victoria Falls - House,530000,Victoria Falls,victoria falls,,2000,4,3
2025-09-06 00:09:27,Glen Lorne - House,650000,Glen Lorne,harare north,,4367,4,4
2025-09-06 00:09:27,Upper Hillside - House,305000,Upper Hillside,harare east,,5040,4,2
2025-09-06 00:09:27,Greendale - House,650000,Greendale,harare east,,7899,4,2
2025-09-06 00:09:27,Ruwa - Townhouse Complex,180000,Ruwa,ruwa,,2288,18,6
2025-09-06 00:09:27,Mount Pleasant - Townhouse Complex,370000,Mount Pleasant,harare north,,600,3,3
2025-09-06 00:09:27,Gunhill - House,665000,Gunhill,harare north,,3754,4,4
2025-09-06 00:09:27,Hatfield - House,160000,Hatfield,harare south,,2000,3,2
2025-09-06 00:09:27,Glaudina - House,55000,Glaudina,harare west,,300,3,2
2025-09-06 00:09:27,Greendale - Townhouse Complex,280000,Greendale,harare east,,500,4,5
2025-09-06 00:09:27,Glen Lorne - House,350000,Glen Lorne,harare north,,3000,5,4
2025-09-06 00:09:27,Chiredzi - House,120000,Chiredzi,chiredzi,,4600,4,
2025-09-06 00:09:27,Paddonhurst - House,80000,Paddonhurst,bulawayo north,,1,3,1
2025-09-06 00:09:27,Chipukutu Park - House,105000,Chipukutu Park,ruwa,,800,4,2
2025-09-06 00:09:27,Highlands - House,400000,Highlands,harare north,,4000,3,2
2025-09-06 00:09:27,Mabelreign - House,145000,Mabelreign,harare west,,800,5,3
2025-09-06 00:09:27,Borrowdale Brooke - House,1950000,Borrowdale Brooke,harare north,,5063,5,4
2025-09-06 00:09:27,Southview Park - House,38000,Southview Park,harare south,,240,3,
2025-09-06 00:09:27,Greencroft - House,290000,Greencroft,harare west,,3844,4,2
2025-09-06 00:09:27,Zimre Park - House,70000,Zimre Park,harare east,,570,3,2
2025-09-06 00:09:27,Mabelreign - Townhouse Complex,165000,Mabelreign,harare west,,900,4,3
2025-09-06 00:09:27,Glaudina - House,65000,Glaudina,harare west,,600,3,2
2025-09-06 00:09:27,Tynwald - House,255000,Tynwald,harare west,,2700,5,2
2025-09-06 00:09:27,Bluff Hill - House,195000,Bluff Hill,harare west,,3024,6,3
2025-09-06 00:09:27,Helensvale - House,225000,Helensvale,harare north,,2000,3,2
2025-09-06 00:09:27,Mandara - House,320000,Mandara,harare east,,4278,3,2
2025-09-06 00:09:27,Glen Lorne - House,405000,Glen Lorne,harare north,,2000,3,3
2025-09-06 00:09:27,Chipukutu Park - House,95000,Chipukutu Park,ruwa,,800,4,2
2025-09-06 00:09:27,Zengeza - House,47000,Zengeza,chitungwiza,,1000,5,2
2025-09-06 00:09:27,Westgate - House,238000,Westgate,harare west,,1900,4,
2025-09-06 00:09:27,Avenues - Townhouse Complex,210000,Avenues,harare cbd,,300,3,
2025-09-06 00:09:27,Arlington - House,210000,Arlington,harare south,,,3,
2025-09-06 00:09:27,Eastlea - House,350000,Eastlea,harare east,,1555,4,2
2025-09-06 00:09:27,Matsheumhlope - House,310000,Matsheumhlope,bulawayo east,,4097,4,3
2025-09-06 00:09:27,Marlborough - Townhouse Complex,250000,Marlborough,harare west,,2000,4,2
2025-09-06 00:09:27,Mabvazuva - House,115000,Mabvazuva,ruwa,,400,4,2
2025-09-06 00:09:27,Dzivarasekwa - House,50000,Dzivarasekwa,harare high density,,300,5,2
2025-09-06 00:09:27,Quinnington - House,300000,Quinnington,harare north,,500,4,
2025-09-06 00:09:27,Avenues - House,410000,Avenues,harare cbd,,400,4,
2025-09-06 00:09:27,Monavale - House,300000,Monavale,harare west,,4020,5,3
2025-09-06 00:09:27,Ilanda - House,149000,Ilanda,bulawayo east,,1300,3,1
2025-09-06 00:09:27,Kutandara - House,76500,Kutandara,harare west,,400,4,3
2025-09-06 00:09:27,Glen Lorne - House,640000,Glen Lorne,harare north,,4300,6,4
2025-09-06 00:09:27,Glaudina - House,28000,Glaudina,harare west,,200,4,1
2025-09-06 00:09:27,Mandara - House,320000,Mandara,harare east,,2000,3,2
2025-09-06 00:09:27,Sandton Park - House,105000,Sandton Park,harare west,,1005,5,4
2025-09-06 00:09:27,Glen View - House,27000,Glen View,harare high density,,300,3,1
2025-09-06 00:09:27,Mabelreign - House,140000,Mabelreign,harare west,,1425,3,1
2025-09-06 00:09:27,Mount Pleasant - House,1500000,Mount Pleasant,harare north,,4051,6,6
2025-09-06 00:09:27,Gletwin Park - House,390000,Gletwin Park,harare north,,2006,5,4
2025-09-06 00:09:27,The Grange - House,550000,The Grange,harare north,,4047,5,3
2025-09-06 00:09:27,Borrowdale Brooke - Townhouse Complex,370000,Borrowdale Brooke,harare north,,600,3,2
2025-09-06 00:09:27,Greystone Park - House,680000,Greystone Park,harare north,,4046,7,5
2025-09-06 00:09:27,Marlborough - House,290000,Marlborough,harare west,,4256,3,
2025-09-06 00:09:27,Vainona - House,850000,Vainona,harare north,,4070,3,
2025-09-06 00:09:27,Haydon Park - House,165000,Haydon Park,harare west,,800,4,3
2025-09-06 00:09:27,Tiger's Kloof - House,480000,Tiger's Kloof,mutare,,20100,5,3
2025-09-06 00:09:27,Greystone Park - House,650000,Greystone Park,harare north,,3988,6,5
2025-09-06 00:09:27,Meyrick Park - House,200000,Meyrick Park,harare west,,4047,4,2
2025-09-06 00:09:27,Braeside - House,170000,Braeside,harare south,,950,4,2
2025-09-06 00:09:27,Mahatshula - House,60000,Mahatshula,bulawayo north,,570,3,
2025-09-06 00:09:27,Cranborne - House,120000,Cranborne,harare south,,714,3,
2025-09-06 00:09:27,Glen Lorne - House,650000,Glen Lorne,harare north,,6330,8,5
2025-09-06 00:09:27,Newlands - Townhouse Complex,280000,Newlands,harare north,,500,3,2
2025-09-06 00:09:27,Amby - House,100000,Amby,harare east,,450,3,2
2025-09-06 00:09:27,Marlborough - House,220000,Marlborough,harare west,,,3,2
2025-09-06 00:09:27,Newlands - House,450000,Newlands,harare north,,4000,4,2
2025-09-06 00:09:27,Burnside - House,140000,Burnside,bulawayo east,,4126,3,1
2025-09-06 00:09:27,Queens Park West - House,79000,Queens Park West,bulawayo north,,1143,3,1
2025-09-06 00:09:27,Mount Pleasant Heights - House,360000,Mount Pleasant Heights,harare north,,2200,4,3
2025-09-06 00:09:27,Marlborough - House,135000,Marlborough,harare west,,533,4,4
2025-09-06 00:09:27,Riverside South - House,230000,Riverside South,bulawayo east,,8093,3,2
2025-09-06 00:09:27,Mount Pleasant Heights - House,200000,Mount Pleasant Heights,harare north,,1316,4,2
2025-09-06 00:09:27,Upper Rangemore - House,120000,Upper Rangemore,bulawayo high density,,10157,3,2
2025-09-06 00:09:27,Mabvazuva - House,100000,Mabvazuva,ruwa,,703,4,3
2025-09-06 00:09:27,Helensvale - Townhouse Complex,350000,Helensvale,harare north,,1800,3,2
2025-09-06 00:09:27,Arlington - House,425000,Arlington,harare south,,,6,
2025-09-06 00:09:27,Damofalls - House,50000,Damofalls,damofalls,,300,3,2
2025-09-06 00:09:27,Zengeza - House,38000,Zengeza,chitungwiza,,300,3,2
2025-09-06 00:09:27,Queensdale - House,190000,Queensdale,harare south,,1884,4,2
2025-09-06 00:09:27,Carrick Creagh - House,650000,Carrick Creagh,harare north,,2000,5,3
2025-09-06 00:09:27,Twinlakes - House,250000,Twinlakes,norton,,4097,4,3
2025-09-06 00:09:27,Vainona - Townhouse Complex,250000,Vainona,harare north,,500,3,2
2025-09-06 00:09:27,Madokero - House,135000,Madokero,harare west,,400,4,3
2025-09-06 00:09:27,Chisipite - House,800000,Chisipite,harare north,,4047,5,
2025-09-06 00:09:27,Gunhill - House,1700000,Gunhill,harare north,,3444,4,4
2025-09-06 00:09:27,Eastlea - House,250000,Eastlea,harare east,,1800,2,
2025-09-06 00:09:27,Strathaven - House,280000,Strathaven,harare west,,500,3,
2025-09-06 00:09:27,Chitungwiza - House,26000,Chitungwiza,chitungwiza,,240,4,1
2025-09-06 00:09:27,Glen View - House,50000,Glen View,harare high density,,250,4,1
2025-09-06 00:09:27,Arlington - Townhouse Complex,175000,Arlington,harare south,,300,3,2
2025-09-06 00:09:27,Haydon Park - House,125000,Haydon Park,harare west,,1291,4,5
2025-09-06 00:09:27,Newlands - Townhouse Complex,380000,Newlands,harare north,,513,3,2
2025-09-06 00:09:27,Borrowdale Brooke - House,800000,Borrowdale Brooke,harare north,,1660,7,7
2025-09-06 00:09:27,Greendale - House,360000,Greendale,harare east,,3711,4,1
2025-09-06 00:09:27,Tynwald - House,150000,Tynwald,harare west,,570,4,3
2025-09-06 00:09:27,Philadelphia - House,650000,Philadelphia,harare north,,,6,2
2025-09-06 00:09:27,Mount Pleasant - Townhouse Complex,295000,Mount Pleasant,harare north,,400,4,4
2025-09-06 00:09:27,Msasa Park - House,70000,Msasa Park,harare south,,420,3,2
2025-09-06 00:09:27,Borrowdale - House,800000,Borrowdale,harare north,,8148,5,2
2025-09-06 00:09:27,Goodhope - House,220000,Goodhope,harare west,,2000,3,3
2025-09-06 00:09:27,Daylesford - House,140000,Daylesford,gweru,,4085,5,2
2025-09-06 00:09:27,Borrowdale Brooke - House,790000,Borrowdale Brooke,harare north,,1981,5,3
2025-09-06 00:09:27,Beitbridge - House,140000,Beitbridge,beitbridge,,2440,3,2
2025-09-06 00:09:27,Philadelphia - House,670000,Philadelphia,harare north,,4600,6,
2025-09-06 00:09:27,Chisipite - House,800000,Chisipite,harare north,,4047,5,
2025-09-06 00:09:27,Warren Park - House,46000,Warren Park,harare high density,,350,3,1
2025-09-06 00:09:27,Hillside - House,250000,Hillside,bulawayo south,,,4,1
2025-09-06 00:09:27,Arlington - House,425000,Arlington,harare south,,,6,
2025-09-06 00:09:27,Harrisvale - House,35000,Harrisvale,bulawayo north,,1,2,1
2025-09-06 00:09:27,Suburbs - House,220000,Suburbs,bulawayo east,,13900,5,2
2025-09-06 00:09:27,Chinhoyi - House,120000,Chinhoyi,chinhoyi,,3899,3,2
2025-09-06 00:09:27,Northwood - Townhouse Complex,345000,Northwood,harare north,,215,4,3
2025-09-06 00:09:27,Riverside South - House,230000,Riverside South,bulawayo east,,8093,3,2
2025-09-06 00:09:27,Arlington - House,220000,Arlington,harare south,,,6,
2025-09-06 00:09:27,Sandton Park - House,200000,Sandton Park,harare west,,1250,5,4
2025-09-06 00:09:27,Queensdale - Townhouse Complex,75000,Queensdale,harare south,,450,3,2
2025-09-06 00:09:27,Glen Lorne - House,350000,Glen Lorne,harare north,,3000,5,4
2025-09-06 00:09:27,Zimre Park - House,80000,Zimre Park,harare east,,500,4,2
2025-09-06 00:09:27,Greendale - House,550000,Greendale,harare east,,7687,4,2
2025-09-06 00:09:27,Borrowdale - House,550000,Borrowdale,harare north,,5200,4,
2025-09-06 00:09:27,Burnside - House,250000,Burnside,bulawayo east,,5665,5,3
2025-09-06 00:09:27,Glen Lorne - House,635000,Glen Lorne,harare north,,5133,4,4
2025-09-06 00:09:27,Colne Valley - House,660000,Colne Valley,harare north,,4277,8,5
2025-09-06 00:09:27,Ashdown Park - House,150000,Ashdown Park,harare west,,600,5,3
2025-09-06 00:09:27,Mandara - House,320000,Mandara,harare east,,4278,3,2
2025-09-06 00:09:27,Mabvuku - House,25000,Mabvuku,harare high density,,133,2,1
2025-09-06 00:09:27,"Ruwa - House, Townhouse Complex",140000,Ruwa,ruwa,,400,4,2
2025-09-06 00:09:27,Borrowdale Brooke - House,700000,Borrowdale Brooke,harare north,,4000,8,10
2025-09-06 00:09:27,Chiredzi - House,120000,Chiredzi,chiredzi,,4672,4,
2025-09-06 00:09:27,Quinnington - House,160000,Quinnington,harare north,,1400,4,5
2025-09-06 00:09:27,Ruwa - House,1300000,Ruwa,ruwa,,157827,5,
2025-09-06 00:09:27,Sunway City - House,90000,Sunway City,harare east,,2000,4,2
2025-09-06 00:09:27,Rydale Ridge Park - House,79000,Rydale Ridge Park,harare west,,2000,3,2
2025-09-06 00:09:27,Waterfalls - House,200000,Waterfalls,harare south,,7200,4,2
2025-09-06 00:09:27,Borrowdale - House,550000,Borrowdale,harare north,,3200,5,
2025-09-06 00:09:27,Burnside - House,140000,Burnside,bulawayo east,,4126,3,1
2025-09-06 00:09:27,Arlington - House,150000,Arlington,harare south,,2025,5,4
2025-09-06 00:09:27,Belvedere - House,170000,Belvedere,harare west,,1300,3,2
2025-09-06 00:09:27,Victoria Falls - Townhouse Complex,525000,Victoria Falls,victoria falls,,3278,4,3
2025-09-06 00:09:27,Marlborough - Townhouse Complex,240000,Marlborough,harare west,,400,3,3
2025-09-06 00:09:27,Greendale North - House,365000,Greendale North,harare north,,2700,4,3
2025-09-06 00:09:27,Mtausi Park - House,55000,Mtausi Park,gweru,,2040,5,
2025-09-06 00:09:27,Waterfalls - House,240000,Waterfalls,harare south,,6900,3,1
2025-09-06 00:09:27,New Marlborough - House,100000,New Marlborough,harare west,,540,3,2
2025-09-06 00:09:27,Crowhill Views - House,50000,Crowhill Views,harare north,,1100,4,
2025-09-06 00:09:27,Glen Lorne - House,500000,Glen Lorne,harare north,,,4,
2025-09-06 00:09:27,Eastlea - House,250000,Eastlea,harare east,,1963,4,3
2025-09-06 00:09:27,Crowhill Views - House,170000,Crowhill Views,harare north,,2450,4,
2025-09-06 00:09:27,Luveve - House,31000,Luveve,bulawayo high density,,250,4,1
2025-09-06 00:09:27,Chipukutu Park - House,95000,Chipukutu Park,ruwa,,800,4,2
2025-09-06 00:09:27,Kumalo - Townhouse Complex,168000,Kumalo,bulawayo east,,600,3,2
2025-09-06 00:09:27,Avonlea - House,295000,Avonlea,harare west,,3844,3,
2025-09-06 00:09:27,Budiriro - House,45000,Budiriro,harare high density,,300,3,1
2025-09-06 00:09:27,Mabvazuva - House,115000,Mabvazuva,ruwa,,400,4,2
2025-09-06 00:09:27,Groom Bridge - Townhouse Complex,370000,Groom Bridge,harare north,,,3,3
2025-09-06 00:09:27,Marlborough - House,285000,Marlborough,harare west,,4223,5,2
2025-09-06 00:09:27,Budiriro - House,45000,Budiriro,harare high density,,392,6,
2025-09-06 00:09:27,Marondera - House,140000,Marondera,marondera,,2376,5,5
2025-09-06 00:09:27,Suburbs - House,210000,Suburbs,bulawayo east,,2974,4,1
2025-09-06 00:09:27,Juliasdale - House,200000,Juliasdale,juliasdale,,,2,2
2025-09-06 00:09:27,Emganwini - House,28000,Emganwini,bulawayo high density,,200,3,1
2025-09-06 00:09:27,Carrick Creagh - House,400000,Carrick Creagh,harare north,,3900,6,
2025-09-06 00:09:27,Greendale - House,330000,Greendale,harare east,,4631,3,2
2025-09-06 00:09:27,Suburbs - House,890000,Suburbs,bulawayo east,,16187,6,5
2025-09-06 00:09:27,Newlands - Townhouse Complex,380000,Newlands,harare north,,500,3,2
2025-09-06 00:09:27,Rydale Ridge Park - House,65000,Rydale Ridge Park,harare west,,400,4,2
2025-09-06 00:09:27,Glen Lorne - House,450000,Glen Lorne,harare north,,4000,3,
2025-09-06 00:09:27,Victoria Falls - Townhouse Complex,550000,Victoria Falls,victoria falls,,2366,4,4
2025-09-06 00:09:27,Hillside - House,230000,Hillside,harare south,,3294,3,
2025-09-06 00:09:27,Hogerty Hill - House,650000,Hogerty Hill,harare north,,14000,5,3
2025-09-06 00:09:27,Haydon Park - House,120000,Haydon Park,harare west,,1000,4,
2025-09-06 00:09:27,Tynwald - House,65000,Tynwald,harare west,,400,4,2
2025-09-06 00:09:27,Marlborough - House,280000,Marlborough,harare west,,4606,4,2
2025-09-06 00:09:27,Madokero - House,105000,Madokero,harare west,,450,4,2
2025-09-06 00:09:27,Mount Pleasant - Townhouse Complex,295000,Mount Pleasant,harare north,,400,4,4
2025-09-06 00:09:27,Westgate - House,238000,Westgate,harare west,,1900,4,
2025-09-06 00:09:27,Northwood - House,490000,Northwood,harare north,,4000,4,4
2025-09-06 00:09:27,Bloomingdale - Townhouse Complex,110000,Bloomingdale,harare west,,500,3,1
2025-09-06 00:09:27,Greendale - House,390000,Greendale,harare east,,6170,4,2
2025-09-06 00:09:27,Glen Lorne - House,400000,Glen Lorne,harare north,,5300,4,2
2025-09-06 00:09:27,Riverside Park - House,115000,Riverside Park,ruwa,,2300,3,3
2025-09-06 00:09:27,Eastlea - House,390000,Eastlea,harare east,,2000,4,
2025-09-06 00:09:27,Greendale North - House,355000,Greendale North,harare north,,300,4,
2025-09-06 00:09:27,Eastlea - House,235000,Eastlea,harare east,,1406,3,
2025-09-06 00:09:27,Chisipite - Townhouse Complex,400000,Chisipite,harare north,,266380000,4,3
2025-09-06 00:09:27,Avondale - The Ridge - House,775000,Avondale,harare west,,4000,6,5
2025-09-06 00:09:27,Kamfinsa - Townhouse Complex,165000,Kamfinsa,harare east,,8000,4,3
2025-09-06 00:09:27,Southerton - House,155000,Southerton,harare south,,2364,5,4
2025-09-06 00:09:27,Highlands - Townhouse Complex,300000,Highlands,harare north,,4047,4,2
2025-09-06 00:09:27,Burnside - House,530000,Burnside,bulawayo east,,5338,3,2
2025-09-06 00:09:27,Crowhill Views - House,160000,Crowhill Views,harare north,,1440,5,
2025-09-06 00:09:27,Mount Pleasant - Townhouse Complex,3000000,Mount Pleasant,harare north,,21760000,7,2
2025-09-06 00:09:27,Knowe - House,130000,Knowe,norton,,2100,7,3
2025-09-06 00:09:27,Hillside - House,165000,Hillside,bulawayo south,,3762,3,3
2025-09-06 00:09:27,Zimre Park - House,82000,Zimre Park,harare east,,500,3,2
2025-09-06 00:09:27,Burnside - House,475000,Burnside,bulawayo east,,12140,4,
2025-09-06 00:09:27,Hillside - House,250000,Hillside,bulawayo south,,,4,2
2025-09-06 00:09:28,Greendale North - House,350000,Greendale North,harare north,,4049,3,
2025-09-06 00:09:28,Greendale - House,330000,Greendale,harare east,,3711,4,
2025-09-06 00:09:28,Waterfalls - Townhouse Complex,100000,Waterfalls,harare south,,300,3,2
2025-09-06 00:09:28,Rolf Valley - House,680000,Rolf Valley,harare north,,3949,4,3
2025-09-06 00:09:28,Kensington - House,130000,Kensington,bulawayo east,,25900,6,2
2025-09-06 00:09:28,Mabvazuva - House,110000,Mabvazuva,ruwa,,400,4,2
2025-09-06 00:09:28,Gunhill - House,665000,Gunhill,harare north,,4046,5,3
2025-09-06 00:09:28,Glen View - House,25000,Glen View,harare high density,,,2,1
2025-09-06 00:09:28,Highlands - Townhouse Complex,425000,Highlands,harare north,,558,4,3
2025-09-06 00:09:28,Avondale - House,1500000,Avondale,harare north,,12140,6,3
2025-09-06 00:09:28,Fairview - Townhouse Complex,175000,Fairview,harare west,,900,4,2
2025-09-06 00:09:28,Kensington - Townhouse Complex,340000,Kensington,harare west,,240,3,2
2025-09-06 00:09:28,Borrowdale - House,850000,Borrowdale,harare north,,4121,8,8
2025-09-06 00:09:28,Chisipite - House,1500000,Chisipite,harare north,,6000,7,6
2025-09-06 00:09:28,Highlands - Townhouse Complex,385000,Highlands,harare north,,650,5,3
2025-09-06 00:09:28,Fidelity - House,70000,Fidelity,harare south,,240,4,2
2025-09-06 00:09:28,Suburbs - House,350000,Suburbs,bulawayo east,,2974,3,2
2025-09-06 00:09:28,Chisipite - Townhouse Complex,549000,Chisipite,harare north,,4000,4,
2025-09-06 00:09:28,Kumalo - House,170000,Kumalo,bulawayo east,,2639,3,1
2025-09-06 00:09:28,Milibizi - House,85000,Milibizi,kariba,,,3,3
2025-09-06 00:09:28,Newlands - Townhouse Complex,280000,Newlands,harare north,,300,3,2
2025-09-06 00:09:28,Arlington - Townhouse Complex,425000,Arlington,harare south,,2000,6,6
2025-09-06 00:09:28,Burnside - House,130000,Burnside,bulawayo east,,4040,3,1
2025-09-06 00:09:28,Pomona - House,950000,Pomona,harare north,,4335,5,3
2025-09-06 00:09:28,Greendale - House,390000,Greendale,harare east,,4326,4,2
2025-09-06 00:09:28,Nyeredzi Ridge - House,280000,Nyeredzi Ridge,harare north,,638,4,1
2025-09-06 00:09:28,Suburbs - House,210000,Suburbs,bulawayo east,,2974,4,1
2025-09-06 00:09:28,Chegutu - House,130000,Chegutu,chegutu,,3533,3,2
2025-09-06 00:09:28,Shawasha Hills - House,470000,Shawasha Hills,harare north,,2000,7,4
2025-09-06 00:09:28,Ryelands - House,950000,Ryelands,harare north,,4335,5,4
2025-09-06 00:09:28,Arlington - Townhouse Complex,155000,Arlington,harare south,,365,4,2
2025-09-06 00:09:28,Pelandaba - House,25000,Pelandaba,bulawayo high density,,300,8,1
2025-09-06 00:09:28,Arlington - House,210000,Arlington,harare south,,647,3,2
2025-09-06 00:09:28,Rydale Ridge Park - House,65000,Rydale Ridge Park,harare west,,400,4,2
2025-09-06 00:09:28,Kuwadzana - House,50000,Kuwadzana,harare high density,,312,4,1
2025-09-06 00:09:28,Highlands - Townhouse Complex,425000,Highlands,harare north,,4000,4,3
2025-09-06 00:09:28,Madokero - House,130000,Madokero,harare west,,400,4,
2025-09-06 00:09:28,Mount Pleasant - House,895000,Mount Pleasant,harare north,,4058,6,4
2025-09-06 00:09:28,Borrowdale Brooke - House,1300000,Borrowdale Brooke,harare north,,1916,4,3
2025-09-06 00:09:28,Belgravia - House,780000,Belgravia,harare north,,3905,4,2
2025-09-06 00:09:28,Mount Pleasant Heights - House,280000,Mount Pleasant Heights,harare north,,1500,12,8
2025-09-06 00:09:28,Zimre Park - House,110000,Zimre Park,harare east,,540,4,2
2025-09-06 00:09:28,Avondale - Townhouse Complex,245000,Avondale,harare north,,7771,3,1
2025-09-06 00:09:28,Helensvale - House,350000,Helensvale,harare north,,2000,4,2
2025-09-06 00:09:28,Highlands - Townhouse Complex,450000,Highlands,harare north,,500,4,5
2025-09-06 00:09:28,Strathaven - House,350000,Strathaven,harare west,,625,5,5
2025-09-06 00:09:28,Glen Norah - House,40000,Glen Norah,harare high density,,212,4,1
2025-09-06 00:09:28,Gumtree - House,350000,Gumtree,bulawayo east,,89030,7,7
2025-09-06 00:09:28,Greendale North - House,355000,Greendale North,harare north,,300,4,
2025-09-06 00:09:28,Gletwin Park - House,340000,Gletwin Park,harare north,,3771,6,
2025-09-06 00:09:28,Borrowdale - House,950000,Borrowdale,harare north,,4335,5,3
2025-09-06 00:09:28,Ruwa - House,65000,Ruwa,ruwa,,1000,3,
2025-09-06 00:09:28,New Tafara - House,35000,New Tafara,harare high density,,150,3,1
2025-09-06 00:09:28,New Marlborough - House,235000,New Marlborough,harare west,,2222,5,2
2025-09-06 00:09:28,Greendale North - Townhouse Complex,320000,Greendale North,harare north,,,3,2
2025-09-06 00:09:28,Westgate - House,160000,Westgate,harare west,,900,3,2
2025-09-06 00:09:28,Greendale - House,390000,Greendale,harare east,,6170,4,2
2025-09-06 00:09:28,Borrowdale - House,900000,Borrowdale,harare north,,4386,5,5
2025-09-06 00:09:28,Kadoma - House,75000,Kadoma,kadoma,,2400,3,2
2025-09-06 00:09:28,Alexandra Park - House,520000,Alexandra Park,harare north,,2044,5,3
2025-09-06 00:09:28,Greendale - Townhouse Complex,375000,Greendale,harare east,,5000,4,2
2025-09-06 00:09:28,Hatfield - House,190000,Hatfield,harare south,,4047,4,2
2025-09-06 00:09:28,Sentosa - House,160000,Sentosa,harare west,,1466,3,
2025-09-06 00:09:28,Chisipite - House,1400000,Chisipite,harare north,,16800,4,2
2025-09-06 00:09:28,Kuwadzana - House,50000,Kuwadzana,harare high density,,312,4,1
2025-09-06 00:09:28,Park Meadowlands - House,109000,Park Meadowlands,harare south,,1900,4,2
2025-09-06 00:09:28,Mount Pleasant Heights - House,360000,Mount Pleasant Heights,harare north,,2200,4,3
2025-09-06 00:09:28,Greystone Park - House,550000,Greystone Park,harare north,,4480,6,3
2025-09-06 00:09:28,Kariba - House,395000,Kariba,kariba,,16187,3,3
2025-09-06 00:09:28,Hatfield - House,150000,Hatfield,harare south,,2000,3,2
2025-09-06 00:09:28,Dzivarasekwa - House,50000,Dzivarasekwa,harare high density,,400,4,2
2025-09-06 00:09:28,Glen Norah - House,45000,Glen Norah,harare high density,,300,4,2
2025-09-06 00:09:28,Brookview - House,520000,Brookview,harare north,,2000,7,3
2025-09-06 00:09:28,Borrowdale West - House,400000,Borrowdale West,harare north,,2300,4,
2025-09-06 00:09:28,Crowhill Views - House,120000,Crowhill Views,harare north,,2400,4,
2025-09-06 00:09:28,Old Windsor - House,80000,Old Windsor,ruwa,,500,4,1
2025-09-06 00:09:28,Rockview - House,65000,Rockview,harare east,,1000,4,2
2025-09-06 00:09:28,Mabvazuva - House,100000,Mabvazuva,ruwa,,703,4,3
2025-09-06 00:09:28,Mount Pleasant - House,380000,Mount Pleasant,harare north,,4046,4,2
2025-09-06 00:09:28,Emganwini - House,45000,Emganwini,bulawayo high density,,414,5,2
2025-09-06 00:09:28,Greystone Park - House,525000,Greystone Park,harare north,,5425,5,3
2025-09-06 00:09:28,Helensvale - House,325000,Helensvale,harare north,,2500,6,1
2025-09-06 00:09:28,Glen Norah - House,43000,Glen Norah,harare high density,,250,5,1
2025-09-06 00:09:28,Mandara - House,320000,Mandara,harare east,,4278,3,2
2025-09-06 00:09:28,Greystone Park - House,525000,Greystone Park,harare north,,5058,5,3
2025-09-06 00:09:28,Kumalo - House,180000,Kumalo,bulawayo east,,2584,3,2
2025-09-06 00:09:28,Vumba - House,285000,Vumba,vumba,,20125,5,
2025-09-06 00:09:28,Avonlea - House,195000,Avonlea,harare west,,1339,3,1
2025-09-06 00:09:28,Greencroft - Townhouse Complex,150000,Greencroft,harare west,,400,3,2
2025-09-06 00:09:28,Lake Mutirikwi - House,235000,Lake Mutirikwi,harare west,,4469,3,2
2025-09-06 00:09:28,Eastlea - House,350000,Eastlea,harare east,,2500,4,2
2025-09-06 00:09:28,Paddonhurst - House,80000,Paddonhurst,bulawayo north,,1,3,1
2025-09-06 00:09:28,Hogerty Hill - House,590000,Hogerty Hill,harare north,,5000,5,5
2025-09-06 00:09:28,Fairview - House,85000,Fairview,ruwa,,300,4,3
2025-09-06 00:09:28,Greendale North - House,400000,Greendale North,harare north,,4000,5,3
2025-09-06 00:09:28,Kensington - House,130000,Kensington,bulawayo east,,25900,6,2
2025-09-06 00:09:28,Nkulumane - House,40000,Nkulumane,bulawayo high density,,1,2,2
2025-09-06 00:09:28,Newlands - Townhouse Complex,380000,Newlands,harare north,,513,3,2
2025-09-06 00:09:28,Crowhill Views - House,95000,Crowhill Views,harare north,,1000,4,3
2025-09-06 00:09:28,Bluff Hill - House,145000,Bluff Hill,harare west,,2007,3,2
2025-09-06 00:09:28,Kambanji - House,290000,Kambanji,harare north,,3800,3,3
2025-09-06 00:09:28,Meyrick Park - House,200000,Meyrick Park,harare west,,4047,4,2
2025-09-06 00:09:28,Borrowdale Brooke - House,2150000,Borrowdale Brooke,harare north,,3605,4,4
2025-09-06 00:09:28,Twinlakes - House,220000,Twinlakes,norton,,3600,6,3
2025-09-06 00:09:28,Mbizo - House,30000,Mbizo,kwekwe,,380,4,2
2025-09-06 00:09:28,Newlands - Townhouse Complex,230000,Newlands,harare north,,300,4,4
2025-09-06 00:09:28,Galloway - House,45000,Galloway,norton,,2200,3,
2025-09-06 00:09:28,Knowe - House,65000,Knowe,norton,,2000,5,1
2025-09-06 00:09:28,Mainway Meadows - House,120000,Mainway Meadows,harare south,,550,3,2
2025-09-06 00:09:28,Fairview - Townhouse Complex,240000,Fairview,harare west,,500,4,3
2025-09-06 00:09:28,Nyeredzi Ridge - House,290000,Nyeredzi Ridge,harare north,,594,4,4
2025-09-06 00:09:28,Gletwin Park - House,190000,Gletwin Park,harare north,,2145,5,2
2025-09-06 00:09:28,Borrowdale Brooke - House,2900000,Borrowdale Brooke,harare north,,4994,5,5
2025-09-06 00:09:28,Mount Pleasant Heights - House,200000,Mount Pleasant Heights,harare north,,1316,4,2
2025-09-06 00:09:28,Zimre Park - House,150000,Zimre Park,harare east,,1000,4,
2025-09-06 00:09:28,Hillside - House,295000,Hillside,bulawayo south,,4100,4,2
2025-09-06 00:09:28,Tynwald - House,75000,Tynwald,harare west,,400,4,3
2025-09-06 00:09:28,Ruwa - House,900000,Ruwa,ruwa,,62400,6,4
2025-09-06 00:09:28,Hillcrest - House,100000,Hillcrest,bulawayo south,,1710,3,2
2025-09-06 00:09:28,Burnside - House,130000,Burnside,bulawayo east,,4040,3,1
2025-09-06 00:09:28,Marondera - House,30000,Marondera,marondera,,300,3,1
2025-09-06 00:09:28,Lobengula - House,30000,Lobengula,bulawayo high density,,300,3,1
2025-09-06 00:09:28,Greendale - House,350000,Greendale,harare east,,4046,4,1
2025-09-06 00:09:28,Marlborough - Townhouse Complex,270000,Marlborough,harare west,,9347,4,4
2025-09-06 00:09:28,Greendale - House,355000,Greendale,harare east,,4048,3,2
2025-09-06 00:09:28,Eastlea - House,350000,Eastlea,harare east,,1837,4,2
2025-09-06 00:09:28,Tiger's Kloof - House,490000,Tiger's Kloof,mutare,,18617,3,3
2025-09-06 00:09:28,Mt Pleasant Heights - House,435000,Mt Pleasant Heights,harare west,,3300,5,3
2025-09-06 00:09:28,New Tafara - House,35000,New Tafara,harare high density,,150,3,1
2025-09-06 00:09:28,Sunridge - House,140000,Sunridge,harare west,,1046,3,1
2025-09-06 00:09:28,Haig Park - House,149000,Haig Park,harare west,,1071,3,1
2025-09-06 00:09:28,Arcadia - House,90000,Arcadia,harare south,,678,4,2
2025-09-06 00:09:28,Sunway City - House,85000,Sunway City,harare east,,2100,3,2
2025-09-06 00:09:28,Mount Pleasant - House,480000,Mount Pleasant,harare north,,4200,3,2
2025-09-06 00:09:28,Hatfield - House,150000,Hatfield,harare south,,4280,4,2
2025-09-06 00:09:28,Emerald Hill - House,530000,Emerald Hill,harare west,,5336,3,2
2025-09-06 00:09:28,Borrowdale - Townhouse Complex,185000,Borrowdale,harare north,,,2,2
2025-09-06 00:09:28,Norton - House,70000,Norton,norton,,1660,3,
2025-09-06 00:09:28,Mainway Meadows - Townhouse Complex,95000,Mainway Meadows,harare south,,300,3,2
2025-09-06 00:09:28,Glen Lorne - House,400000,Glen Lorne,harare north,,2000,3,3
2025-09-06 00:09:28,Mufakose - House,22000,Mufakose,harare high density,,223,2,1
2025-09-06 00:09:28,Mount Pleasant - House,850000,Mount Pleasant,harare north,,6155,5,3
2025-09-06 00:09:28,Twinlakes - House,250000,Twinlakes,norton,,4097,4,3
2025-09-06 00:09:28,Chisipite - House,480000,Chisipite,harare north,,1000,3,2
2025-09-06 00:09:28,Famona - House,195000,Famona,bulawayo south,,1300,3,1
2025-09-06 00:09:28,Northend - Townhouse Complex,105000,Northend,bulawayo north,,,3,2
2025-09-06 00:09:28,Cowdray Park - House,23000,Cowdray Park,bulawayo high density,,300,3,1
2025-09-06 00:09:28,Carrick Creagh - House,400000,Carrick Creagh,harare north,,4000,6,8
2025-09-06 00:09:28,Matsheumhlope - House,310000,Matsheumhlope,bulawayo east,,4097,4,3
2025-09-06 00:09:28,Glen Lorne - House,380000,Glen Lorne,harare north,,3000,5,
2025-09-06 00:09:28,Arlington - Townhouse Complex,186000,Arlington,harare south,,500,3,1
2025-09-06 00:09:28,Mount Pleasant - House,1500000,Mount Pleasant,harare north,,4051,6,6
2025-09-06 00:09:28,Chisipite - House,997000,Chisipite,harare north,,11331,3,2
2025-09-06 00:09:28,Ruwa - Townhouse Complex,180000,Ruwa,ruwa,,2288,18,6
2025-09-06 00:09:28,Helensvale - Townhouse Complex,350000,Helensvale,harare north,,500,4,4
2025-09-06 00:09:28,Ballantyne Park - House,1400000,Ballantyne Park,harare north,,9500,5,4
2025-09-06 00:09:28,Milton Park - House,595000,Milton Park,harare west,,2961,5,3
2025-09-06 00:09:28,Killarney - House,110000,Killarney,bulawayo east,,4046,3,2
2025-09-06 00:09:28,Kensington - House,140000,Kensington,bulawayo east,,26600,3,2
2025-09-06 00:09:28,Mandara - House,300000,Mandara,harare east,,2200,4,2
2025-09-06 00:09:28,Waterfalls - House,220000,Waterfalls,harare south,,4090,4,3
2025-09-06 00:09:28,Suburbs - House,450000,Suburbs,bulawayo east,,2974,6,5
2025-09-06 00:09:28,New Marlborough - House,100000,New Marlborough,harare west,,504,5,1
2025-09-06 00:09:28,Murambi - House,320000,Murambi,mutare,,4689,4,2
2025-09-06 00:09:28,Zimre Park - House,110000,Zimre Park,harare east,,540,3,2
2025-09-06 00:09:28,Greendale - House,360000,Greendale,harare east,,3711,4,1
2025-09-06 00:09:28,Macheke - House,33000,Macheke,macheke,,1100,3,2
2025-09-06 00:09:28,Ilanda - House,115000,Ilanda,bulawayo east,,1,3,2
2025-09-06 00:09:28,Borrowdale - House,1350000,Borrowdale,harare north,,4032,4,5
2025-09-06 00:09:28,Four Winds - Townhouse Complex,154000,Four Winds,bulawayo south,,13400,3,2
2025-09-06 00:09:28,Tiger's Kloof - House,180000,Tiger's Kloof,mutare,,1511,3,2
2025-09-06 00:09:28,Milibizi - House,85000,Milibizi,kariba,,,3,3
2025-09-06 00:09:28,Hillside - House,255000,Hillside,bulawayo south,,3985,4,2
2025-09-06 00:09:28,Famona - House,125000,Famona,bulawayo south,,1821,3,1
2025-09-06 00:09:28,Sunway City - House,265000,Sunway City,harare east,,2200,8,3
2025-09-06 00:09:28,Glaudina - House,95000,Glaudina,harare west,,400,3,2
2025-09-06 00:09:28,Avondale West - House,255000,Avondale West,harare west,,2000,4,3
2025-09-06 00:09:28,Philadelphia - House,1850000,Philadelphia,harare north,,32374,11,8
2025-09-06 00:09:28,Manresa - House,125000,Manresa,harare east,,800,4,2
2025-09-06 00:09:28,Fortunes Gate - House,250000,Fortunes Gate,bulawayo east,,28328,6,2
2025-09-06 00:09:28,Chisipite - House,550000,Chisipite,harare north,,4047,4,3
2025-09-06 00:09:28,Waterfalls - Townhouse Complex,130000,Waterfalls,harare south,,1000,3,2
2025-09-06 00:09:28,Burnside - House,145000,Burnside,bulawayo east,,4000,2,1
2025-09-06 00:09:28,Braeside - House,170000,Braeside,harare south,,950,4,2
2025-09-06 00:09:28,Mount Pleasant Heights - House,250000,Mount Pleasant Heights,harare north,,2100,4,2
2025-09-06 00:09:28,Madokero - House,140000,Madokero,harare west,,490,3,2
2025-09-06 00:09:28,Bluff Hill - House,195000,Bluff Hill,harare west,,3024,6,3
2025-09-06 00:09:28,Arlington - Townhouse Complex,190000,Arlington,harare south,,647,3,2
2025-09-06 00:09:28,Buena Vista - Townhouse Complex,120000,Buena Vista,bulawayo east,,300,4,3
2025-09-06 00:09:28,Kambanji - House,1100000,Kambanji,harare north,,4003,4,4
2025-09-06 00:09:28,Ruwa - House,40000,Ruwa,ruwa,,240,2,2
2025-09-06 00:09:28,Amby - House,150000,Amby,harare east,,1000,3,1
2025-09-06 00:09:28,Borrowdale Brooke - House,1950000,Borrowdale Brooke,harare north,,5063,5,4
2025-09-06 00:09:28,Matsheumhlope - House,300000,Matsheumhlope,bulawayo east,,4046,7,7
2025-09-06 00:09:28,Victoria Falls - Townhouse Complex,550000,Victoria Falls,victoria falls,,2366,4,4
2025-09-06 00:09:28,Glen Lorne - House,650000,Glen Lorne,harare north,,4367,4,4
2025-09-06 00:09:28,Famona - House,180000,Famona,bulawayo south,,1131,4,3
2025-09-06 00:09:28,Southlea Park - Cottage,32000,Southlea Park,harare south,,1000,3,2
2025-09-06 00:09:28,Mount Pleasant - House,320000,Mount Pleasant,harare north,,2000,3,1
2025-09-06 00:09:28,Suburbs - House,160000,Suburbs,bulawayo east,,1488,4,2
